분류,제품번호,제품명,규격,적재패턴,박스단위,파렛트단위,포장,박스규격(mm),,,"박스무게
 (kg)",적재 방향 제한,"파손
 취약성"
,,,,,,,,가로,세로,높이,,,
과일음료,73352,낱개입_팁코ABC주스(1L),1000ML,16박스*7단=112박스,12,1344,BOX,280,235,255,13.6,변경 불가,취약
과일음료,73350,낱개입_팁코쇼군오렌지(1L),1000ML,16박스*7단=112박스,12,1344,BOX,280,235,255,13.6,변경 불가,취약
과일음료,73346,팁코ABC주스(110ml),110ML,13박스*18단=234박스,36,8424,BOX,345,215,105,4.8,변경 불가,취약
과일음료,73341,팁코믹스베지&후르츠(110ml),110ML,13박스*18단=234박스,36,8424,BOX,345,215,105,4.8,변경 불가,취약
과일음료,73347,팁코브로콜리(110ml),110ML,13박스*18단=234박스,36,8424,BOX,345,215,105,4.8,변경 불가,취약
과일음료,73339,팁코쇼군오렌지(110ml),110ML,13박스*18단=234박스,36,8424,BOX,345,215,105,4.8,변경 불가,취약
과일음료,73340,팁코애플&그레이프(110ml),110ML,13박스*18단=234박스,36,8424,BOX,345,215,105,4.8,변경 불가,취약
과일음료,73353,낱개입_팁코브로콜리(1L),1L,16박스*7단=112박스,12,1344,BOX,280,235,255,13.6,변경 불가,취약
과일음료,73351,낱개입_팁코코코넛워터혼합주스(1L),1L,16박스*7단=112박스,12,1344,BOX,280,235,255,13.6,변경 불가,취약
과일음료,73345,팁코ABC주스(1L),1L,16박스*7단=112박스,12,1344,BOX,280,235,255,13.6,변경 불가,취약
과일음료,73113,팁코브로콜리(1L),1L,16박스*7단=112박스,12,1344,BOX,280,235,255,13.6,변경 불가,취약
과일음료,73110,팁코쇼군오렌지(1L),1L,16박스*7단=112박스,12,1344,BOX,280,235,255,13.6,변경 불가,취약
과일음료,73334,팁코코코넛워터혼합주스(1L),1L,16박스*7단=112박스,12,1344,BOX,280,235,255,13.6,변경 불가,취약
과일음료,73344,팁코ABC주스(200ml),200ML,18박스*14단=252박스,24,6048,BOX,320,185,140,5.6,변경 불가,취약
과일음료,73115,팁코브로콜리(200ml),200ML,18박스*14단=252박스,24,6048,BOX,320,185,140,5.6,변경 불가,취약
과일음료,73112,팁코쇼군오렌지(200ml),200ML,18박스*14단=252박스,24,6048,BOX,320,185,140,5.6,변경 불가,취약
과일음료,73354,팁코코코넛워터주스200ml_외박스,200ML,18박스*14단=252박스,24,6048,BOX,320,185,140,5.6,변경 불가,취약
과일음료,73333,팁코코코넛워터혼합주스200ml,200ML,18박스*14단=252박스,24,6048,BOX,320,185,140,5.6,변경 불가,취약
과일음료,73114,팁코브로콜리(500ml),500ML,16박스*13단=208박스,12,2496,BOX,260,240,150,6.8,변경 불가,취약
과일음료,73111,팁코쇼군오렌지(500ml),500ML,16박스*13단=208박스,12,2496,BOX,260,240,150,6.8,변경 불가,취약
비타민음료,70219,(특판용)광동비타500신병,100ML,10박스*4단=40박스,100,4000,BOX,480,240,295,24,변경 불가,보통
비타민음료,71049,ZERO 비타500 A.C.E,100ML,10박스*4단=40박스,100,4000,BOX,500,250,270,24.04,변경 불가,보통
비타민음료,71301,광동 비타500 ZERO,100ML,10박스*4단=40박스,100,4000,BOX,480,240,295,24,변경 불가,보통
비타민음료,71320,광동 비타500 ZERO (블랙),100ML,10박스*4단=40박스,100,4000,BOX,480,240,295,24,변경 불가,보통
비타민음료,71321,광동 비타500 ZERO (블랙)_50입,100ML,10박스*8단=80박스,50,4000,BOX,484,242.5,152,24,변경 불가,보통
비타민음료,71315,광동 비타500 ZERO(잔망루피),100ML,10박스*8단=80박스,50,4000,BOX,475,234.5,150,11.75,변경 불가,보통
비타민음료,71323,광동 비타500 허니로열(곰돌이 푸) 50입,100ML,10박스*8단=80박스,50,4000,BOX,467,233,147,11.75,변경 불가,보통
비타민음료,71055,광동비타500ACE,100ML,10박스*4단=40박스,100,4000,BOX,480,240,295,24,변경 불가,보통
비타민음료,71053,광동비타500ACE(20입자동화),100ML,10박스*4단=40박스,100,4000,BOX,500,250,270,24.04,변경 불가,보통
비타민음료,71054,광동비타500골드(20입자동화),100ML,10박스*4단=40박스,100,4000,BOX,500,250,270,24.04,변경 불가,보통
비타민음료,70741,광동비타500오리지널,100ML,10박스*4단=40박스,100,4000,BOX,480,240,295,24,변경 불가,보통
비타민음료,70748,광동비타500오리지널(20입),100ML,10박스*4단=40박스,100,4000,BOX,2320,970,2580,24,변경 불가,보통
비타민음료,71347,광동비타500오리지널(무라벨),100ML,10박스*4단=40박스,100,4000,BOX,480,240,295,24,변경 불가,보통
비타민음료,70661,광동비타500칼슘(20입),100ML,10박스*4단=40박스,100,4000,BOX,480,240,295,24,변경 불가,보통
비타민음료,71300,비타500 콜라겐 잔망루피(50입),100ML,10박스*8단=80박스,50,4000,BOX,475,234.5,150,11.75,변경 불가,보통
비타민음료,71316,비타500 콜라겐(리뉴얼),100ML,10박스*4단=40박스,100,4000,BOX,480,240,295,24,변경 불가,보통
비타민음료,70798,비타500Fresh,100ML,10박스*4단=40박스,100,4000,BOX,480,240,295,24,변경 불가,보통
비타민음료,70903,비타500Fresh_온라인(50입),100ML,8박스*10단=80박스,50,4000,BOX,480,240,140,12,변경 불가,보통
비타민음료,70896,비타500광도르방(50입),100ML,8박스*10단=80박,50,4000,BOX,470,240,150,12.5,변경 불가,보통
비타민음료,70898,비타500오리지널_온라인(50입),100ML,8박스*10단=80박스,50,4000,BOX,480,240,140,12,변경 불가,보통
비타민음료,70904,비타500칼슘_온라인(50입),100ML,10박스*8단=80박스,50,4000,BOX,480,240,140,12,변경 불가,보통
비타민음료,71056,"비타민D 1,000IU(DTC用)",100ML,10박스*4단=40박스,100,4000,BOX,480,240,295,24,변경 불가,보통
비타민음료,70888,"비타민D 1,000IU(비타500)",100ML,10박스*4단=40박스,100,4000,BOX,480,240,295,24,변경 불가,보통
비타민음료,71044,비타500로열(DTC),120ML,10박스*4단=40박스,100,4000,BOX,480,240,295,12,변경 불가,보통
비타민음료,70707,비타500로열폴리스,120ML,8박스*10단=80박스,50,4000,BOX,470,240,150,24.6,변경 불가,보통
비타민음료,71327,비타500 ZERO 스파클링(병탄산) 150ml (50입),150ML,8박스*7단=56박스,50,2800,BOX,522,260,165,15.6,변경 불가,보통
비타민음료,71313,비타500 라임 170ml (24입/PET),170ML,16박스*11단=176박스,24,4224,BOX,329,218,129,5,최상단 변경 가능,보통
비타민음료,71335,비타500 라임 170ml (24입/PET)디즈니,170ML,16박스*11단=176박스,24,4224,BOX,329,218,129,5,최상단 변경 가능,보통
비타민음료,71314,비타500 자몽 170ml (24입/PET),170ML,16박스*11단=176박스,24,4224,BOX,329,218,129,5,최상단 변경 가능,보통
비타민음료,71336,비타500 자몽 170ml (24입/PET)디즈니,170ML,16박스*11단=176박스,24,4224,BOX,329,218,129,5,최상단 변경 가능,보통
비타민음료,70777,광동비타500칼슘180ml(40入),180ML,8박스*8단=64박스,40,2560,BOX,470,295,170,15.8,변경 불가,보통
비타민음료,71346,비타500 ZERO 180ml(40입),180ML,8박스*8단=64박스,40,2560,BOX,470,295,170,15.8,변경 불가,보통
비타민음료,70877,비타500 아연180ml(40입),180ML,8박스*8단=64박스,40,2560,BOX,470,295,170,15.8,변경 불가,보통
비타민음료,71318,비타500캔 240ml(30입/11형),240ML,11스*11단=121박스,30,3630,BOX,330,270,135,8,변경 불가,보통
비타민음료,70786,비타500캔(F) 240ml(24입),240ML,13박스*11단=143박스,24,3432,BOX,330,220,145,6.5,최상단 변경 가능,보통
비타민음료,71326,비타500 ZERO 스파클링 유자(24입),250ML,13박스*11단=143박스,24,3432,BOX,330,220,145,6.648,최상단 변경 가능,보통
비타민음료,71302,비타500 ZERO 스파클링(24입),250ML,13박스*11단=143박스,24,3432,BOX,330,220,145,6.648,최상단 변경 가능,보통
비타민음료,70800,비타500스파클링(24입),250ML,13박스*11단=143박스,24,3432,BOX,330,220,145,6.648,최상단 변경 가능,보통
비타민음료,71317,비타500치어팩 250ml (30입/11형),250ML,8박스*8단=64박스,30,1920,BOX,455,260,165,8.7,변경 불가,취약
비타민음료,71324,비타500 ZERO 아이스 340ml (40입),340ML,8박스*6단=48박스,40,1920,BOX,580,245,230,13.6,변경 불가,취약
식품쌍화,71010,광동쌍화,100ML,10박스*4단=40박스,100,4000,BOX,480,240,260,24,변경 불가,보통
식품쌍화,70611,광동쌍화골드,100ML,10박스*4단=40박스,100,4000,BOX,480,240,260,24,변경 불가,보통
식품쌍화,70613,광동진쌍화,100ML,10박스*4단=40박스,100,4000,BOX,480,240,260,24,변경 불가,보통
식품쌍화,70276,광동생강쌍화120ml(신),120ML,10박스*4단=40박스,100,4000,BOX,480,245,295,26.4,변경 불가,보통
식품쌍화,70616,광동 진생강쌍화 150ml,150ML,8박스*8단=64박스,40,2560,BOX,470,295,156,13.8,변경 불가,보통
식품쌍화,70615,광동유자쌍화,150ML,8박스*8단=64박스,40,2560,BOX,470,295,156,13.8,변경 불가,보통
썬키스트,74117,썬키스트 감귤주스30 1.5L(12입_OKF),1.5L,12박스*4단=48박스,12,576,BOX,345,255,310,19.92,최상단 변경 가능,보통
썬키스트,74317,썬키스트 감귤주스30 1.5L(6입_OKF),1.5L,24박스*4단=96박스,6,576,BOX,262,172,316,9960,최상단 변경 가능,보통
썬키스트,74217,썬키스트 감귤주스30 1.5L(6팩 2입_건사),1.5L,24박스*4단=96박스,12,576,BOX,345,255,310,19.92,최상단 변경 가능,보통
썬키스트,74319,썬키스트 사과주스40 1.5L(6입_OKF),1.5L,24박스*4단=96박스,6,576,BOX,262,172,316,9960,최상단 변경 가능,보통
썬키스트,74119,썬키스트 사과주스40 1.5L(6팩2입_건사),1.5L,12박스*4단=48박스,12,576,BOX,345,255,310,19.92,최상단 변경 가능,보통
썬키스트,74116,썬키스트 사과주스80 1.5L(12입_OKF),1.5L,12박스*4단=48박스,12,576,BOX,345,255,310,19.92,최상단 변경 가능,보통
썬키스트,74114,썬키스트 오렌지주스83 1.5L(12입_OKF),1.5L,12박스*4단=48박스,12,576,BOX,345,255,310,19.92,최상단 변경 가능,보통
썬키스트,74118,썬키스트 포도주스40 1.5L(12입_OKF),1.5L,12박스*4단=48박스,12,576,BOX,345,255,310,20.04,최상단 변경 가능,보통
썬키스트,74115,썬키스트 포도주스80 1.5L(12입_OKF),1.5L,12박스*4단=48박스,12,576,BOX,345,255,310,19.92,최상단 변경 가능,보통
썬키스트,74133,썬키스트 키즈 트리플 구미 이뮨하이(HI)_비매품,16G,6박스*4단=24박스,512,12288,BOX,395,200,200,13.4,변경 불가,취약
썬키스트,74125,"썬키스트 오렌지 소다 190ml(CAN,30입)",190ML,12박스*13단=156박스,30,4680,BOX,325,270,110,6,변경 불가,보통
썬키스트,74126,"썬키스트 자몽 소다 190ml(CAN,30입)",190ML,12박스*13단=156박스,30,4680,BOX,325,270,110,6,변경 불가,보통
썬키스트,74128,"썬키스트 제로 복숭아레몬 소다 190ml(CAN,30입)",190ML,12박스*13단=156박스,30,4680,BOX,325,270,110,6,변경 불가,보통
썬키스트,74127,"썬키스트 제로 자두자몽 소다 190ml(CAN,30입)",190ML,12박스*13단=156박스,30,4680,BOX,325,270,110,6,변경 불가,보통
썬키스트,74122,썬키스트 토마토 200ml(팩24입),200ML,18박스*10단=180박스,24,4320,BOX,331,164,113,5.184,변경 불가,취약
썬키스트,74132,썬키스트 키즈 트리플 구미 이뮨하이(HI)_60입,240G,12박스*7단=84박스,8,672,BOX,395,200,200,3.14,변경 불가,취약
썬키스트,74102,썬키스트 모과생강(24입),280ML,10박스*10단=100박스,24,2400,BOX,410,270,140,5.472,최상단 변경 가능,보통
썬키스트,74101,썬키스트 허니유자(24입),280ML,10박스*10단=100박스,24,2400,BOX,410,270,140,5.472,최상단 변경 가능,보통
썬키스트,74129,썬키스트 코코 리치(24입),300ML,10박스*9단=90박스,24,2160,BOX,411,273,156,8.412,최상단 변경 가능,보통
썬키스트,74141,썬키스트 코코 오렌지(20입),300ML,12박스* 9단=108박스,20,2160,BOX,344,270,156,6.76,최상단 변경 가능,보통
썬키스트,74131,썬키스트 코코 오렌지(24입),300ML,10박스*9단=90박스,24,2160,BOX,411,273,156,8.412,최상단 변경 가능,보통
썬키스트,74130,썬키스트 코코 피치(24입),300ML,10박스*9단=90박스,24,2160,BOX,411,273,156,8.412,최상단 변경 가능,보통
썬키스트,74138,"썬키스트 애사비 제로 스파클링 350ml(PET,24입)",350ML,11박스*7단=77박스,24,1848,BOX,374,247,180,8.88,최상단 변경 가능,보통
썬키스트,74104,"썬키스트 오렌지 소다 355ml(CAN,24입)",355ML,10박스*10단=100박스,24,2400,BOX,405,267,114,8.88,변경 불가,보통
썬키스트,74107,"썬키스트 자몽 소다 355ml(CAN,24입)",355ML,10박스*10단=100박스,24,2400,BOX,405,267,114,8.88,변경 불가,보통
썬키스트,74112,"썬키스트 제로 복숭아레몬 소다 355ml(CAN,24입)",355ML,10박스*10단=100박스,24,2400,BOX,405,267,114,8.88,변경 불가,보통
썬키스트,74137,"썬키스트 제로 오렌지 소다 355ml(CAN,24입)",355ML,10박스*10단=100박스,24,2400,BOX,405,267,114,8.88,변경 불가,보통
썬키스트,74110,"썬키스트 제로 자두자몽 소다 355ml(CAN,24입)",355ML,10박스*10단=100박스,24,2400,BOX,405,267,114,8.88,변경 불가,보통
썬키스트,74136,"썬키스트 제로 자몽 소다 355ml(CAN,24입)",355ML,10박스*10단=100박스,24,2400,BOX,405,267,114,8.88,변경 불가,보통
썬키스트,74103,썬키스트 레몬에이드(24입),500ML,9박스*7단=63박스,24,1512,BOX,390,260,210,12.816,최상단 변경 가능,보통
썬키스트,74105,"썬키스트 오렌지 소다 600ml(PET,24입)",600ML,9박스*6단=54박스,24,1296,BOX,421,278,227,15.336,최상단 변경 가능,보통
썬키스트,74108,"썬키스트 자몽 소다 600ml(PET,24입)",600ML,9박스*6단=54박스,24,1296,BOX,421,278,227,15.336,최상단 변경 가능,보통
썬키스트,74113,"썬키스트 제로 복숭아레몬 소다 600ml(PET,24입)",600ML,9박스*6단=54박스,24,1296,BOX,421,278,227,15.336,최상단 변경 가능,보통
썬키스트,74111,"썬키스트 제로 자두자몽 소다 600ml(PET,24입)",600ML,9박스*6단=54박스,24,1296,BOX,421,278,227,15.336,최상단 변경 가능,보통
인홍삼음료,70617,광동 진생강쌍화 100ml(50입),100ML,8박스*10단=80박스,50,4000,BOX,480,240,140,24,변경 불가,보통
인홍삼음료,70218,광동발효홍삼眞액(건기식),100ML,10박스*8단=80박스,50,4000,BOX,480,240,140,12,변경 불가,보통
인홍삼음료,70228,광동眞진홍삼골드(신),100ML,10박스*4단=40박스,100,4000,BOX,480,240,295,24,변경 불가,보통
인홍삼음료,70924,광동홍삼꿀D_100ml,100ML,10박스*4단=40박스,100,4000,BOX,480,245,295,24,변경 불가,보통
인홍삼음료,72268,발효홍삼골드(유통전용),100ML,10박스*8단=80박스,50,4000,BOX,480,240,140,12,변경 불가,보통
인홍삼음료,72265,산삼배양근진액(유통전용),100ML,10박스*8단=80박스,50,4000,BOX,480,240,140,12,변경 불가,보통
인홍삼음료,70865,광동홍삼진,120ML,10박스*4단=40박스,100,4000,BOX,480,240,295,26.3,변경 불가,보통
인홍삼음료,70925,광동홍삼꿀D_170ml,170ML,8박스*8단=64박스,40,2560,BOX,470,295,145,14.2,변경 불가,보통
인홍삼음료,72374,군납용_발효홍삼골드(중앙타프라생산),100ML,4박스*6단=24박스,60,"1,440",BOX,395,335,370,18.66,변경 불가,보통
인홍삼음료,72384,군납용_산삼배양근진액(중앙타프라생산),100ML,4박스*6단=24박스,60,"1,440",BOX,395,335,370,18.66,변경 불가,보통
인홍삼음료,72472,명절용_발효홍삼골드(중앙타프라생산),100ML,8박스*4단=32박스,70,"2,240",BOX,395,335,370,18.66,변경 불가,보통
인홍삼음료,72482,명절용_산삼배양근진액(중앙타프라생산),100ML,9박스*4단=36박스,60,"2,160",BOX,395,335,350,16.58,변경 불가,보통
인홍삼음료,72462,명절용_흑삼진프리미엄(중앙타프라생산),100ML,9박스*4단=36박스,60,"2,160",BOX,395,335,350,16.58,변경 불가,보통
일반제품,71123,광동가네스알파,100ML,10박스*8단=80박스,50,4000,BOX,480,240,140,12,변경 불가,보통
일반제품,71124,광동가네스알파(리뉴얼),100ML,10박스*8단=80박스,50,4000,BOX,480,240,140,12,변경 불가,보통
일반제품,71122,광동가네스알파플러스,100ML,10박스*8단=80박스,50,4000,BOX,480,240,140,12,변경 불가,보통
일반제품,70025,광동헛개파워(중앙타프라),100ML,8박스*10단=80박스,50,4000,BOX,480,240,140,12,변경 불가,보통
일반제품,70017,광동 헛개파워 스틱 망고맛(10입),20G,24박스*7단=168박스,100,16800,BOX,160,265,200,2.56,변경 불가,취약
일반제품,70016,광동 헛개파워 스틱 포도맛(10입),20G,24박스*7단=168박스,100,16800,BOX,160,265,200,2.56,변경 불가,취약
일반제품,70127,비타500젤리_급식용(21g),21G,8박스*10단=80박스,100,8000,BOX,390,360,280,6.96,변경 불가,취약
일반제품,70141,아이스웨일POP라임(24입),250ML,13박스*11단=143박스,24,3432,BOX,330,220,145,6.648,변경 불가,보통
일반제품,72257,비타500젤리(서주)_OEM,48G,8박스*10단=80박스,50,4000,BOX,505,275,175,2.72,변경 불가,취약
일반제품,70133,"아이스웨일 레몬라임(500ML, 하프트레이)",500ML,11박스*7단=77박스,20,1540,BOX,342,273,217,10,최상단 변경 가능,보통
일반제품,70134,"아이스웨일 샤인머스캣(500ML, 하프트레이)",500ML,11박스*7단=77박스,20,1540,BOX,342,273,217,10,최상단 변경 가능,보통
일반제품,70135,"아이스웨일 자몽(500ML, 하프트레이)",500ML,11박스*7단=77박스,20,1540,BOX,353,278,228,10,최상단 변경 가능,보통
일반제품,70132,"아이스웨일 플레인(500ML, 하프트레이)",500ML,11박스*7단=77박스,20,1540,BOX,342,273,217,10,최상단 변경 가능,보통
일반제품,70293,광동 위생천 스파클링 제로_튤립 (50입),75ML,10박스*10단=100박스,50,5000,BOX,4250,2155,1325,9.357,변경 불가,보통
일반제품,70289,광동위생천(신병)_11형,75ML,10박스*5단=50박스,100,5000,BOX,435,220,265,20,변경 불가,보통
일반제품,77500,솔표위청수골드액,75ML,15박스*4단=60박스,100,6000,BOX,435,220,265,20,변경 불가,보통
일반제품,72256,비타500젤리(27g*35입)_OEM,945G,4박스*8단=32박스,4,128,BOX,500,500,200,5.47,변경 불가,취약
일반제품,70782,광동)타우린2000,120ML,10박스*4단=40박스,100,4000,BOX,480,240,295,26.3,변경 불가,보통
전통음료,70393,광동복분자(신병),100ML,10박스*4단=40박스,100,4000,BOX,480,240,295,24,변경 불가,보통
전통음료,70390,광동복분자(40입),170ML,8박스*8단=64박스,40,2560,BOX,470,295,155,14.2,변경 불가,보통
차음료,70105,광동 진한 헛개차1.25L,1.25L,13박스*5단=65박스,12,780,BOX,328,244,286,15.576,최상단 변경 가능,보통
차음료,70850,광동옥수수수염차1.25L,1.25L,13박스*5단=65박스,12,780,BOX,328,244,286,15.576,최상단 변경 가능,보통
차음료,70106,(6팩x2입)광동 진한 헛개차1.5L,1.5L,13박스*4단=52박스,12,624,BOX,330,250,315,19,최상단 변경 가능,보통
차음료,70855,(6팩x2입)광동옥수수수염차1.5L,1.5L,13박스*4단=52박스,12,624,BOX,330,250,315,19,최상단 변경 가능,보통
차음료,70838,(무라벨) 광동옥수수수염차1.5L(6입x2),1.5L,13박스*4단=52박스,12,624,BOX,330,250,315,19,최상단 변경 가능,보통
차음료,70194,(무라벨) 광동헛개차1.5L,1.5L,13박스*4단=52박스,12,624,BOX,330,250,315,19,최상단 변경 가능,보통
차음료,70199,(무라벨) 광동헛개차1.5L_레드,1.5L,13박스*4단=52박스,12,624,BOX,330,250,315,19,최상단 변경 가능,보통
차음료,70942,(무라벨)광동 밀싹보리차1.5L,1.5L,13박스*4단=52박스,12,624,BOX,334,249,317,19,최상단 변경 가능,보통
차음료,70856,(무라벨)옥수수수염차1.5L(12입),1.5L,13박스*4단=52박스,12,624,BOX,330,250,315,19,최상단 변경 가능,보통
차음료,70859,(무라벨)옥수수수염차1.5L(12입_그린,1.5L,13박스*4단=52박스,12,624,BOX,330,250,315,19,최상단 변경 가능,보통
차음료,70204,광동 진한 헛개차1.5L(11형),1.5L,13박스*4단=52박스,12,624,BOX,330,250,315,19,최상단 변경 가능,보통
차음료,71945,광동돼지감자차1.5L(11형),1.5L,13박스*4단=52박스,12,624,BOX,330,250,315,19.06,최상단 변경 가능,보통
차음료,70967,광동밀싹보리차1.5L(11형),1.5L,13박스*4단=52박스,12,624,BOX,330,250,315,19,최상단 변경 가능,보통
차음료,70876,광동옥수수수염차1.5L(11형),1.5L,13박스*4단=52박스,12,624,BOX,330,250,315,19,최상단 변경 가능,보통
차음료,70481,(캔)광동옥수수수염차180ml(30입),180ML,12박스*14단=168박스,30,5040,BOX,325,270,110,5.9,변경 불가,보통
차음료,70200,광동 우롱차 180ml(캔_바른),180ML,12박스*12단=144박스,30,4320,BOX,325,270,110,5.9,변경 불가,보통
차음료,70193,광동 진한 헛개차180ml(캔)-퓨럽,180ML,11박스*14단=154박스,30,4620,BOX,325,270,110,5.9,변경 불가,보통
차음료,77761,꼬소꼬미 밀크맛200ml_20입(PET),200ML,16박스*10단=160박스,20,3200,BOX,304,241,142,4.36,최상단 변경 가능,보통
차음료,77755,꼬소꼬미 보리차200ml_20입(PET),200ML,16박스*10단=160박스,20,3200,BOX,304,241,142,4.36,최상단 변경 가능,보통
차음료,77762,꼬소꼬미 사과맛200ml_20입(PET),200ML,16박스*10단=160박스,20,3200,BOX,304,241,142,4.36,최상단 변경 가능,보통
차음료,77756,꼬소꼬미 옥수수차200ml_20입(PET),200ML,16박스*10단=160박스,20,3200,BOX,304,241,142,4.36,최상단 변경 가능,보통
차음료,70941,(무라벨) 광동 밀싹보리차 330ml(PET),330ML,13박스*8단=104박스,20,2080,BOX,325,255,185,7.6,최상단 변경 가능,보통
차음료,70196,(무라벨) 광동 진한 헛개차330ml(PET),330ML,13박스*8단=104박스,20,2080,BOX,325,255,185,7.6,최상단 변경 가능,보통
차음료,70197,(무라벨) 광동 진한 헛개차330ml(PET_레드),330ML,13박스*8단=104박스,20,2080,BOX,325,255,185,7.6,최상단 변경 가능,보통
차음료,70857,(무라벨)옥수수수염차330ml(20입),330ML,13박스*8단=104박스,20,2080,BOX,325,255,185,7.6,최상단 변경 가능,보통
차음료,70821,(특판용)옥수수수염차340ml,340ML,15박스*8단=120박스,20,2400,BOX,325,255,185,7.6,최상단 변경 가능,보통
차음료,70873,(특판용)옥수수수염차340ml(11형),340ML,13박스*8단=104박스,20,2080,BOX,325,255,185,7.6,최상단 변경 가능,보통
차음료,70312,(특판용)헛개차340ml(11형),340ML,13박스*8단=104박스,20,2080,BOX,325,255,185,7.6,최상단 변경 가능,보통
차음료,70097,광동 진한 헛개차340ml(24입/PET),340ML,10박스*8단=80박스,24,1920,BOX,385,260,180,9,최상단 변경 가능,보통
차음료,70872,광동옥수수수염차340ml(11형),340ML,13박스*8단=104박스,20,2080,BOX,325,255,185,7.6,최상단 변경 가능,보통
차음료,70825,광동옥수수수염차340ml(편의점 24입),340ML,10박스*8단=80박스,24,1920,BOX,385,260,180,9,최상단 변경 가능,보통
차음료,71503,(무라벨) 광동 진한 헛개차490ml(PET_레드),490ML,12박스*6단=72박스,20,1440,BOX,355,280,215,10.9,최상단 변경 가능,보통
차음료,71502,(무라벨)광동옥수수수염차490ml(20입_그린),490ML,12박스*6단=72박스,20,1440,BOX,355,280,215,10.9,최상단 변경 가능,보통
차음료,71500,(무라벨)광동옥수수수염차500ml(20입),500ML,12박스*6단=72박스,20,1440,BOX,355,280,215,10.9,최상단 변경 가능,보통
차음료,71501,(무라벨)광동진한헛개차500ml,500ML,12박스*6단=72박스,20,1440,BOX,355,280,215,10.9,최상단 변경 가능,보통
차음료,70298,광동 진한 헛개차500ml(11형),500ML,12박스*6단=72박스,20,1440,BOX,355,280,215,10.9,최상단 변경 가능,보통
차음료,70099,광동 진한 헛개차500ml(24입/PET),500ML,10박스*6단=60박스,24,1440,BOX,265,405,225,13.08,최상단 변경 가능,보통
차음료,77727,광동돼지감자차500ml(pet)24입,500ML,10박스*6단=60박스,24,1440,BOX,265,405,225,13.08,최상단 변경 가능,보통
차음료,70943,광동밀싹보리차500ml,500ML,12박스*6단=72박스,20,1440,BOX,345,273,226,10.9,최상단 변경 가능,보통
차음료,70984,광동옥수수수염차500ml(11형),500ML,12박스*6단=72박스,20,1440,BOX,355,280,215,10.9,최상단 변경 가능,보통
차음료,70826,광동옥수수수염차500ml(편의점 24입),500ML,10박스*6단=60박스,24,1440,BOX,265,405,225,13.08,최상단 변경 가능,보통
차음료,70749,밀싹보리차500mL(24입),500ML,10박스*6단=60박스,24,1440,BOX,345,273,226,13.08,최상단 변경 가능,보통
차음료,71504,(무라벨)광동옥수수수염차620ml(20입),620ML,9박스*6단=54박스,20,1080,BOX,361,287,234,12.94,최상단 변경 가능,보통
커피,71176,카페드롭탑아메리카노(275NB캔),275ML,18박스*11단=198박스,12,2376,BOX,275,205,140,3.9,변경 불가,보통
커피,71178,카페드롭탑카페라떼(275NB캔),275ML,18박스*11단=198박스,12,2376,BOX,275,205,140,3.9,변경 불가,보통